{
  "input_csv": "C:\\Users\\atzyn\\Documents\\MASTER\\THESIS\\thesis code\\data\\alkanes_core_with_smiles_final_with_graph.csv",
  "output_csv": "C:\\Users\\atzyn\\Documents\\MASTER\\THESIS\\thesis code\\data\\alkanes_core_with_smiles_final_with_graph_normalized.csv",
  "numeric_columns": [
    "number_ofC__norm",
    "molecular_weight__norm",
    "Density__norm",
    "molar_volume__norm",
    "melting_point__norm",
    "boiling_point__norm",
    "Tc__norm",
    "Pc__norm",
    "Vc__norm",
    "logP__norm",
    "pf_eigenvalue__norm",
    "fiedler_eigenvalue__norm",
    "degree_entropy__norm",
    "compression_ratio__norm"
  ],
  "impute_median": {
    "number_ofC": 8.0,
    "molecular_weight": 114.23,
    "Density": 0.714,
    "molar_volume": 163.4,
    "melting_point": -113.0,
    "boiling_point": 118.5,
    "Tc": 295.0,
    "Pc": 24.6,
    "Vc": 433.97,
    "logP": 3.42,
    "pf_eigenvalue": 2.07,
    "fiedler_eigenvalue": 0.238,
    "degree_entropy": 0.974,
    "compression_ratio": 4.57
  },
  "standardize_mean": {
    "number_ofC": 7.7631578947368425,
    "molecular_weight": 110.90921052631579,
    "Density": 0.6977763157894735,
    "molar_volume": 155.7565789473684,
    "melting_point": -106.47368421052632,
    "boiling_point": 102.77631578947368,
    "Tc": 270.30263157894734,
    "Pc": 25.675,
    "Vc": 417.0518421052633,
    "logP": 3.43671052631579,
    "pf_eigenvalue": 2.015263157894737,
    "fiedler_eigenvalue": 0.3082631578947368,
    "degree_entropy": 0.9130263157894739,
    "compression_ratio": 4.410131578947369
  },
  "standardize_std": {
    "number_ofC": 1.738635437806203,
    "molecular_weight": 24.388574264189554,
    "Density": 0.052629439101236894,
    "molar_volume": 27.782190127785086,
    "melting_point": 40.17739403806263,
    "boiling_point": 54.86912627339294,
    "Tc": 66.33488003203342,
    "Pc": 5.271550381154735,
    "Vc": 73.20025396688986,
    "logP": 0.6948426329940032,
    "pf_eigenvalue": 0.3037895466316432,
    "fiedler_eigenvalue": 0.2634021024783738,
    "degree_entropy": 0.2182150058569837,
    "compression_ratio": 0.8257874924500737
  },
  "notes": "Original columns were preserved. Normalized counterparts were added with '__norm' suffix. Numeric columns were imputed with column median and standardized to zero mean and unit variance (population std)."
}