{
  "input_csv": "C:\\Users\\atzyn\\Documents\\MASTER\\THESIS\\thesis code\\data\\numeric_only.csv",
  "output_csv": "C:\\Users\\atzyn\\Documents\\MASTER\\THESIS\\thesis code\\data\\numeric_only_normalized.csv",
  "numeric_columns": [
    "number_ofC",
    "molecular_weight",
    "Density",
    "molar_volume",
    "melting_point",
    "boiling_point",
    "Tc",
    "Pc",
    "Vc",
    "logP",
    "pf_eigenvalue",
    "fiedler_eigenvalue",
    "degree_entropy",
    "compression_ratio"
  ],
  "impute_median": {
    "number_ofC": 8.0,
    "molecular_weight": 0.8749777223311352,
    "Density": 0.8648648648648648,
    "molar_volume": 0.8571428571428572,
    "melting_point": 0.2824561403508772,
    "boiling_point": 0.8968253968253969,
    "Tc": 0.9273399014778325,
    "Pc": 0.1992337164750958,
    "Vc": 0.6732856598016781,
    "logP": 0.3577376276512175,
    "pf_eigenvalue": 0.8884120171673818,
    "fiedler_eigenvalue": 0.119,
    "degree_entropy": 0.8469565217391305,
    "compression_ratio": 0.8793103448275864
  },
  "standardize_mean": {
    "number_ofC": 7.7631578947368425,
    "molecular_weight": 0.8453859430254482,
    "Density": 0.8187201285792834,
    "molar_volume": 0.8174315579890493,
    "melting_point": 0.2926553672316384,
    "boiling_point": 0.8469089390142022,
    "Tc": 0.8669293924466338,
    "Pc": 0.23713920817369094,
    "Vc": 0.6732856598016781,
    "logP": 0.3577376276512175,
    "pf_eigenvalue": 0.8649198102552518,
    "fiedler_eigenvalue": 0.1541315789473684,
    "degree_entropy": 0.7939359267734554,
    "compression_ratio": 0.8399338864402385
  },
  "standardize_std": {
    "number_ofC": 1.738635437806203,
    "molecular_weight": 0.21732823261619633,
    "Density": 0.15751665625079816,
    "molar_volume": 0.19297506042249798,
    "melting_point": 0.1404363989717444,
    "boiling_point": 0.1741877024552157,
    "Tc": 0.16323534629875078,
    "Pc": 0.20191910794073495,
    "Vc": 0.1577059255981078,
    "logP": 0.10361784401159699,
    "pf_eigenvalue": 0.1303817796702331,
    "fiedler_eigenvalue": 0.1317010512391869,
    "degree_entropy": 0.1897521790060728,
    "compression_ratio": 0.2033959341010034
  },
  "notes": "Numeric columns were imputed with column median and standardized to zero mean and unit variance (population std). Non-numeric columns were left unchanged."
}